{"cameraMode":{"drawMode":0,"name":"Shaded","section":"Shading Mode"},"sceneLighting":true,"audioPlay":false,"sceneViewState":{"showFog":true,"showMaterialUpdate":false,"showSkybox":false,"showFlares":true,"showImageEffects":true,"showParticleSystems":true},"in2DMode":false,"pivot":{"x":4.146677494049072,"y":4.74785041809082,"z":7.056438446044922},"rotation":{"x":-0.16421711444854737,"y":-0.06446974724531174,"z":0.01075782347470522,"w":-0.9842564463615418},"size":20.31865692138672,"orthographic":false}